"","y1","x1","x2","x3","x","y"
"1",0.681560754776001,-0.743786893176273,-0.390083041103988,0.011323194144161,1,1
"2",0.0116455107927322,0.699420612654255,0.00500282612860293,-0.709196206173766,2,1
"3",-0.268756359815598,-0.735400792073975,0.308990468916061,0.774665089452703,3,1
"4",0.287410974502563,1.29517464703517,0.366099153223402,-0.994367807506838,4,1
"5",1.51411986351013,1.26564988281581,2.27302801018442,0.94935634909638,5,1
"6",2.22486305236816,-0.262594017826178,1.06605711221929,-0.100494055004053,6,1
"7",2.20117664337158,0.950442931478613,-0.551755177408147,1.77184968245654,7,1
"8",1.5376307964325,1.08152690640271,0.562371333789329,0.112635089112273,8,1
"9",0.949775755405426,-0.71644384866496,0.313856909852107,0.999317058803251,9,1
"10",-0.656748592853546,-0.198096053172383,0.389268309737287,0.587384376061854,10,1
"11",-1.18371665477753,-2.77151568907106,-0.777986455034293,-1.17264060026856,11,1
"12",-1.3097562789917,-0.816017415069417,-1.31329679079178,-0.655791347440996,12,1
"13",-1.34361064434052,-1.03262722739652,0.178814298990574,-0.0123993712954061,13,1
"14",-0.74050772190094,1.00279789740386,0.533969646934257,-1.66395501432741,14,1
"15",-0.739340782165527,-0.355213138729549,0.45071158343694,-0.518304693346025,15,1
"16",-0.323123961687088,-0.740014965019821,0.180551372974383,-0.964678562244474,16,1
"17",-0.946989059448242,-0.590834736457383,-1.65929154049867,-0.17495370828603,17,1
"18",-1.17285919189453,-1.12137772672294,-0.996321352463342,-0.74303724881372,18,1
"19",-0.437324553728104,0.103642027764152,-0.164661016184136,-1.13736897422924,19,1
"20",0.326667845249176,2.06875510749239,-0.940354601137726,0.503474728479781,20,1
"21",0.970826327800751,-0.0818597150578008,0.231358620115112,1.70742337792921,21,1
"22",0.974621057510376,-0.287206726905826,1.77535728120617,0.996140725828698,22,1
"23",0.0321051739156246,1.67590609687388,0.554128465781463,0.596088786278608,23,1
"24",-0.758847951889038,-0.951325781750592,-1.53239534539291,-0.0333862689098238,24,1
"25",-0.718161344528198,0.188477328810641,-0.858292279154373,0.215353575719924,25,1
"26",0.0178054738789797,-0.608151268401521,-0.550346758944788,-0.795198755170841,26,1
"27",0.0326430648565292,0.422866415628837,-1.34396770815267,-1.63197565049674,27,1
"28",0.207634136080742,-1.07566912592483,-1.01839769082125,0.878813022696077,28,1
"29",-0.292681187391281,-1.32144202221505,0.396155834434167,1.07913650299602,29,1
"30",-0.789027154445648,-0.671996447137549,0.770731773378752,0.332829516438276,30,1
"31",0.146533042192459,0.606103253784869,-0.00937394123540267,-0.0445741019734888,1,2
"32",0.948083519935608,0.440156917326112,-0.482818458296762,1.07046745244446,2,2
"33",1.14173257350922,0.397641273691926,0.745831110411795,0.656910984939954,3,2
"34",0.0509112142026424,-0.990977823230848,1.97536588022755,-0.382005542311261,4,2
"35",0.977420151233673,1.00583706463704,0.286647009266621,1.73039897549883,5,2
"36",0.633390367031097,0.639352363580703,2.29925473451895,1.91692472006679,6,2
"37",0.736998617649078,-0.451618525642466,1.38344536553106,-1.14448897355909,7,2
"38",0.280577600002289,1.03777716497324,0.381826125238292,-0.168344779005256,8,2
"39",-0.157110646367073,1.17992002701438,-0.226896017749796,0.545778136270684,9,2
"40",-1.53581535816193,-0.232793616428507,0.762445484921404,-1.0075545781375,10,2
"41",-1.11790025234222,-1.31717199731433,-1.2855163058599,-1.23230534158171,11,2
"42",-0.551411330699921,2.16272251809172,-0.542918047019793,-2.23059804061626,12,2
"43",-1.41942727565765,0.644833511064278,-1.39638267166977,-0.787888459293297,13,2
"44",-0.533149003982544,0.838901587388,0.103615931441453,-1.70797968403731,14,2
"45",-0.319511204957962,0.0181610137764966,-0.521571212627471,-0.699190684385917,15,2
"46",0.500265836715698,0.500868143357238,0.455412750525668,0.447356007152903,16,2
"47",-0.409879595041275,-0.628708220731599,-0.537003895131125,-0.455792218198684,17,2
"48",0.197469264268875,0.548551573878289,-0.424634552383566,0.568727569618941,18,2
"49",0.822527468204498,-0.351891509653704,0.672025378733947,0.675913147614385,19,2
"50",0.606489300727844,-0.0925122231503487,0.852671392048245,-2.04043169516491,20,2
"51",-0.168931558728218,-0.279975897514874,-0.313934863243935,-0.0152477243263155,21,2
"52",-0.243094027042389,-0.804553022824266,-1.54177462873239,-0.490056411591588,22,2
"53",0.231918022036552,0.737146857125472,-0.175664879911913,0.1937981416867,23,2
"54",0.0261646006256342,0.661128439093634,1.64757961328639,-1.09907568417805,24,2
"55",0.0572838447988033,0.0148196496635839,-0.47591538379047,0.926901762143219,25,2
"56",0.885520100593567,-0.116495538809554,0.951635199632843,0.0237478100497545,26,2
"57",0.862784922122955,-0.215887389133341,-0.192232796089657,0.326935810311026,27,2
"58",1.57609164714813,-1.22019444191888,1.0428820173799,1.1697864587846,28,2
"59",0.800814688205719,0.883540370011607,1.11022164245895,1.90400620641326,29,2
"60",-0.602678000926971,-0.159436779885715,-0.992461427391314,-0.384478864392163,30,2
"61",0.605631232261658,0.0805866966789439,-0.142545866890797,-0.0655707662420143,1,3
"62",0.466784745454788,-0.707896130819239,1.18518473844501,1.18001248855014,2,3
"63",0.86581552028656,0.0181482634873026,0.716829604828772,-0.117451221047391,3,3
"64",1.28055059909821,-0.365300225602943,1.7181856127957,0.977729819281525,4,3
"65",0.765796780586243,1.47571362536718,0.0342507841461703,0.597868895888232,5,3
"66",-0.295683205127716,-0.605006214833259,0.474146074868504,-0.88627484150738,6,3
"67",0.0271916370838881,0.254955132806909,0.781950044433009,-0.640429371756866,7,3
"68",0.102114744484425,-0.569092472383838,0.778236996657757,-0.0950935162778924,8,3
"69",-1.2254341840744,-1.40050059637274,1.46067181091154,0.620414789151147,9,3
"70",-1.92308223247528,-0.510584383926223,-1.86729004177037,-2.81871122181514,10,3
"71",-1.50884187221527,0.0998002165427487,-0.494434916995753,-2.3761414315658,11,3
"72",-1.20456731319427,0.21706618546779,-1.40764098417281,1.08007296967081,12,3
"73",-0.842986285686493,-0.446638846871231,0.006129795601022,-1.43248212921519,13,3
"74",0.962432980537415,0.730633307592315,0.674902310895807,0.644090015203667,14,3
"75",0.844227969646454,-1.26837446771995,0.00873235678479956,0.593469048831711,15,3
"76",1.28283596038818,0.843893474758692,0.131862444546991,0.320912859805888,16,3
"77",-0.0851448252797127,0.208925093422676,-0.132047202897609,-0.302086453099735,17,3
"78",0.685218930244446,2.06570401257106,1.61907186491433,-0.482258257948664,18,3
"79",1.27825081348419,-0.149159979794328,0.782456538385081,0.744516873611128,19,3
"80",1.23200953006744,0.083984755628359,0.110254203960024,0.91436935585257,20,3
"81",-1.29672336578369,0.732049845216524,-0.6168001320351,-2.08897921596335,21,3
"82",0.22466541826725,-0.0657762380480321,0.717744308669647,1.5706893376216,22,3
"83",0.342735081911087,1.65130324376816,-1.20331708176042,1.2001557217526,23,3
"84",0.623594105243683,1.17748619503974,1.40532290797079,0.466274152510311,24,3
"85",0.899667978286743,0.499419556601921,0.340346110050561,0.773001048122761,25,3
"86",2.03605580329895,1.24331217805391,1.4452442355333,1.41618135871719,26,3
"87",1.42595517635345,-0.01643551983352,1.41406207936616,-0.965819836050822,27,3
"88",1.31078636646271,0.362572134961699,-0.456999020463778,0.550616021887117,28,3
"89",0.637700796127319,-0.724943624463843,0.134942303775756,-0.0749137878747241,29,3
"90",-0.852783381938934,0.0277772801245623,-0.660804776622918,-1.26687236983763,30,3
"91",0.361689776182175,0.24367303077937,-0.632701744101217,0.903248246327234,1,4
"92",-0.315838128328323,-0.574505307158283,-0.198407265246035,-0.348247538609634,2,4
"93",1.21837961673737,1.98100068835398,-0.50224094242012,0.889018568435652,3,4
"94",0.742973566055298,-1.11057230323817,0.566578643790681,1.20704688518268,4,4
"95",0.0704151019454002,-0.0375313679776389,0.192412347962756,-0.961482735181602,5,4
"96",-0.361375480890274,-0.124757685307794,-0.24693860400536,-0.129062461501034,6,4
"97",-0.112640783190727,-0.996844420827965,-0.219241919778206,0.352028750210093,7,4
"98",-0.422034084796906,1.67252018859923,-0.903111307156476,-0.799401119997853,8,4
"99",-0.359226018190384,0.0519228550515178,0.120137761414362,-1.08059251698788,9,4
"100",-1.67077994346619,0.660142216354025,-3.33876191557645,-1.75505515032296,10,4
"101",-1.30740213394165,0.713340449147011,0.662258889886133,1.39537190507851,11,4
"102",-1.38891780376434,-0.90517759720965,0.448003932355538,-0.530618786509303,12,4
"103",-0.948773205280304,-2.34552973674049,0.128308356228079,-0.559188532371243,13,4
"104",0.0311332065612078,1.78396912602574,0.699609384147583,-0.988456730599127,14,4
"105",1.44823706150055,-0.211275193198753,0.272887736814069,0.256759448435655,15,4
"106",1.24399769306183,0.593847135913641,0.328602532343152,0.117568266003385,16,4
"107",0.67501312494278,2.32443401321513,0.381901008422716,0.639190832115336,17,4
"108",-0.117734491825104,0.0701210986018551,0.733676327785652,-0.889800048575998,18,4
"109",0.69965660572052,0.452375887114572,0.766462405230749,0.151485787532465,19,4
"110",0.679226577281952,-1.19556073083399,0.30346886595951,0.48015918151204,20,4
"111",-0.117843702435493,1.34360405084333,0.106969790085217,0.114013341585056,21,4
"112",0.00835161004215479,1.46026634627986,0.525555123315017,0.782566846470394,22,4
"113",1.15753829479218,1.76892576540904,1.02274226283381,0.939820227529062,23,4
"114",0.717215001583099,0.0283015675322034,1.34395822479636,2.17154749879996,24,4
"115",0.919929623603821,1.00319533684723,-0.149733474700197,-0.030338435955554,25,4
"116",1.8365306854248,1.33679787872627,1.14487861340807,-0.0192393197967291,26,4
"117",1.25242614746094,0.30012093422401,-0.612938050502422,-0.514864655703885,27,4
"118",0.486843258142471,0.864587782165173,-1.55644896203672,0.452890680670255,28,4
"119",0.0660518705844879,1.21620680887733,-0.658884483562326,0.864347100011341,29,4
"120",-0.749533414840698,0.178642264505484,-0.00790755680649868,-0.335363874219651,30,4
"121",0.0318253673613071,0.726679200441543,-1.34898719535317,0.0161749473851407,1,5
"122",0.807525455951691,-0.116839445989621,1.96961581758219,1.01767214627469,2,5
"123",2.11630892753601,0.65083714599918,0.93264275731259,1.8614864723634,3,5
"124",1.72536754608154,0.268083885666648,0.61744637266766,0.841891811608432,4,5
"125",1.36482906341553,0.00138868269483311,-1.2137413528693,1.47816517028127,5,5
"126",-0.484818160533905,0.436806782619305,-0.990355611401433,0.0194225358813613,6,5
"127",-0.425611585378647,-0.547223646628311,-0.405735159748855,0.65181698929768,7,5
"128",-0.957338273525238,1.06446468267112,-0.937082703695277,-0.858007193761924,8,5
"129",-0.487671345472336,0.302863733829494,1.45790304641532,-0.476381049289874,9,5
"130",-1.21295821666718,-0.326864871556341,-0.299026803172203,-1.06396274975466,10,5
"131",-0.97021758556366,-0.790165759421381,0.484552579376425,0.780588259326737,11,5
"132",-0.759890735149384,0.975799168507145,-0.255010707143945,-0.303158657392249,12,5
"133",-0.883946657180786,-1.03055220220155,0.12868508243316,-1.6701844712414,13,5
"134",0.318250179290771,1.33340325921552,0.590583530218134,-0.949322410181796,14,5
"135",0.859297454357147,0.84195834648851,1.43674738940796,-0.293772974773974,15,5
"136",0.789542019367218,-0.752588444155342,-0.0406842149504498,-0.23256790562441,16,5
"137",0.914883136749268,-0.184776174857237,-1.20082396012707,1.14297640003646,17,5
"138",1.23856949806213,-0.208715418848474,0.843063250388965,1.42838118958087,18,5
"139",-0.00195997301489115,0.960574268908811,1.05245851100697,-0.255036806414656,19,5
"140",-0.176157578825951,-0.552526315510371,1.18042529125749,1.21925768168075,20,5
"141",-0.148796364665031,-0.378931663732339,1.15984294253703,0.322895367275271,21,5
"142",0.024965038523078,-0.182056083036369,0.728239802632883,1.28557390113092,22,5
"143",-0.532861053943634,-0.72276828011195,1.60409186155921,-2.0060972141576,23,5
"144",-0.0512592047452927,1.00529362952745,0.12526764785453,0.531087717935385,24,5
"145",0.37766233086586,0.596696826110372,0.120493379626161,-0.981201840047704,25,5
"146",1.35173976421356,0.880271120323623,0.655926408261965,0.5403793421973,26,5
"147",1.22340202331543,0.280013669923974,0.11741789566265,3.25952149783384,27,5
"148",0.645420730113983,-0.0854262103453257,-1.59820975922849,0.285738500097471,28,5
"149",-1.42075490951538,0.80250092924582,-1.09019562097501,-1.66318053515125,29,5
"150",-0.158808708190918,-0.3571192566799,-0.628921330557038,-1.02198567707652,30,5
"151",-1.07904160022736,-0.545206170506108,-0.0174671872426567,0.993764727019944,1,6
"152",0.523065626621246,-0.326035834207597,-1.3882505797535,1.80914580958411,2,6
"153",1.19803833961487,0.924586785482697,-0.0466872554612675,-0.333009897216939,3,6
"154",1.62969172000885,1.12852742329503,0.422506980344798,1.27079777553809,4,6
"155",0.835051476955414,1.76157012654361,0.797190766440991,1.394451300835,5,6
"156",0.261040270328522,-1.8713603920744,0.445814123195545,0.240768586495029,6,6
"157",0.536025822162628,-1.71958485485513,0.357293451688213,0.485831649426089,7,6
"158",0.245662614703178,2.03397603809146,0.918975356993305,0.299479351538861,8,6
"159",0.284138172864914,0.0501826346799749,-1.46959717572068,0.463780448163607,9,6
"160",-0.397665470838547,-0.19651661197588,-0.857085462856852,-0.341219467675283,10,6
"161",-0.126683413982391,0.742752464535391,-0.0877644142030131,1.47059079424126,11,6
"162",-1.34513711929321,-1.73779369013841,0.411248645009184,-0.499779561312926,12,6
"163",-1.28715825080872,1.2270280525103,0.461008847422562,0.302433813547466,13,6
"164",0.283510237932205,1.37078043422961,-1.22381231032961,-0.474780496566109,14,6
"165",0.812703013420105,-0.698772915274138,-1.06295614079461,0.598308464292749,15,6
"166",1.11372590065002,-2.56049266861614,0.916382323802545,0.825320439838301,16,6
"167",1.76765942573547,0.768100413524606,-0.299997100390087,1.01375080428595,17,6
"168",1.92800402641296,0.841253128193395,1.66356263364208,2.56895621221205,18,6
"169",0.868464052677155,1.36666556426564,1.28294840578947,-0.862910890561517,19,6
"170",-0.250838041305542,-1.12009195839647,0.456662081163447,0.768290860792774,20,6
"171",-1.06933987140656,1.40600108297787,-1.32813970173331,-1.36714876897105,21,6
"172",0.230324774980545,-0.539191762266392,0.0642479503560381,-0.517655741810271,22,6
"173",-0.563376367092133,-0.312333680589524,0.175093871298639,-1.76737063091279,23,6
"174",-0.691575706005096,-2.91632621492803,1.49782094192537,-0.632285759383796,24,6
"175",-0.16445592045784,1.52441683393984,0.532545630877086,0.10653623704403,25,6
"176",1.62864208221436,2.16146613128019,-1.0341230999801,-0.292614436944199,26,6
"177",0.650134921073914,-1.24135745253614,-0.0450826794907284,0.165672620531684,27,6
"178",-0.181273907423019,0.403783201156273,1.15323571060173,0.681676071251059,28,6
"179",-0.355213642120361,1.22175293248105,0.146508977948272,0.138095453857515,29,6
"180",-0.497714191675186,-1.59296869988759,0.540727045091227,0.112270798726352,30,6
"181",0.138914421200752,-0.29960787676475,-0.12120465381037,-1.0184781258834,1,7
"182",0.179995208978653,1.58099166176884,0.8498490123661,0.950383190199957,2,7
"183",0.13489243388176,1.2571595210953,-1.03926440972304,-1.48822589156399,3,7
"184",0.378264605998993,0.47559740996247,0.481344129980153,-0.224274459036208,4,7
"185",0.457531452178955,0.471062255931654,1.05093077072275,-0.1012508644874,5,7
"186",1.85984909534454,0.445011406343044,0.686622174090844,0.598793688470412,6,7
"187",1.35172188282013,0.3104635205624,-0.393779649589888,-0.0531245716456934,7,7
"188",0.528208136558533,0.226965787160779,-1.07245881666057,1.20822054175952,8,7
"189",1.23524618148804,-0.290611376577891,0.613843968020905,0.686489857863307,9,7
"190",0.552627444267273,0.145730118208193,0.988744481921542,1.39314193359846,10,7
"191",0.303420186042786,-1.27382561334182,-0.530747404790736,1.14453034327521,11,7
"192",-1.21481812000275,-0.687419797342408,-0.268321857934952,-1.31980866675443,12,7
"193",-0.536444664001465,0.450580404326484,-0.0491023159524467,0.849234476074014,13,7
"194",-0.439714223146439,-2.06798544150342,-1.09104056438756,-0.813160260644725,14,7
"195",-0.179214403033257,-0.556343138884827,0.13599364794347,0.737305146618932,15,7
"196",1.14499270915985,-1.64299440469658,0.568249742424588,0.300340416292809,16,7
"197",1.39668047428131,1.98106109755786,3.06737127284875,1.03365708801133,17,7
"198",1.32719790935516,1.70969415631545,1.0168876251122,0.413297631648435,18,7
"199",1.0771906375885,1.30286728957635,-0.310165758436194,-0.288770731390997,19,7
"200",-0.199243783950806,-0.963206476255245,-0.289119198438002,-0.474886521241025,20,7
"201",-0.0478097312152386,0.104567923633119,-0.467665853853242,-0.023802933735636,21,7
"202",0.165336117148399,-0.748680142014529,0.955591130935392,-0.0281549489381564,22,7
"203",-0.23139289021492,1.09985717769835,-1.48851667886418,0.132827578360571,23,7
"204",-1.08101844787598,-0.965464483822602,1.31501627899975,0.474382584850338,24,7
"205",-0.443533509969711,-1.55965139766129,-0.574450624352473,1.64422390936939,25,7
"206",-0.57495641708374,-1.08559174263334,-0.226235225672427,-0.211042741432961,26,7
"207",0.837196230888367,-0.395737964681916,0.25111012064652,-1.11404582078844,27,7
"208",-1.42813920974731,-1.67029239435289,-1.40220080434514,-2.11310096348525,28,7
"209",-0.774878561496735,-0.543453381737204,-1.40465104981179,-0.457864173720809,29,7
"210",-0.611192226409912,0.969556019496451,-0.261018777495981,-0.550640762997231,30,7
"211",-0.278780281543732,-1.02549251485217,0.0789999293571269,1.01021481033263,1,8
"212",0.0762103796005249,-0.00454177579447125,-0.105059695707036,-0.613886117541756,2,8
"213",-0.80118077993393,-0.77801284327613,-1.79387972859668,-0.608677648360172,3,8
"214",-0.143052622675896,1.30151891579005,-1.05407677778034,0.106547945818411,4,8
"215",0.73859316110611,-1.66599029763683,0.56470503788722,0.18559605824312,5,8
"216",1.59840178489685,1.81855271462264,0.985409134945651,0.161775777480617,6,8
"217",2.03006863594055,0.637855594048902,0.678973106059123,0.838499397525586,7,8
"218",1.41953134536743,0.401769858622022,-0.0368943263711501,2.15090224805031,8,8
"219",1.54803872108459,1.76846687215603,1.19327563182068,0.0815077456300495,9,8
"220",1.21617746353149,-0.388011827763492,0.660239301352427,-0.503320672335113,10,8
"221",1.110804438591,1.50745789956947,-1.01175963935613,1.50573735926321,11,8
"222",0.195218816399574,-0.627436111681858,-1.03169260413954,0.164143982653662,12,8
"223",-1.57673370838165,-0.262003057653312,-1.66570271908792,0.38488465721523,13,8
"224",-1.0397744178772,0.500680446196482,-2.83000343795174,-0.955158806548504,14,8
"225",-0.176217168569565,-0.543484798789458,0.904516951518607,-0.794505361455425,15,8
"226",-0.249438479542732,-1.14838934480404,-0.482505871138898,-0.10116750508407,16,8
"227",1.06086885929108,2.19519280142685,0.385836126288474,0.528579571432,17,8
"228",0.496737957000732,-0.88700919072843,1.19119279918317,1.00371965250863,18,8
"229",1.11167800426483,-0.0996495408886628,-0.217739729510002,0.080316855686544,19,8
"230",0.36703896522522,-0.252567309898779,-0.00251234419343369,0.50531529176831,20,8
"231",0.729240655899048,1.64117280037435,1.47148730537493,1.50054099136798,21,8
"232",0.507393538951874,0.290636399452719,-0.0452015399563235,-0.398597165648074,22,8
"233",0.621667146682739,1.93048372245034,1.39417230969956,0.48826537312157,23,8
"234",-0.0868584960699081,-0.485388011941029,1.33160677473337,-0.506763166146409,24,8
"235",-0.188769951462746,0.718575656473667,-0.900038427658184,0.597489136863983,25,8
"236",-0.235168263316154,1.03451183636649,-0.154468917508081,-0.38117230439373,26,8
"237",-0.37395915389061,2.40903277972102,-0.123674480558523,-1.01091888314048,27,8
"238",-0.312132000923157,1.29738193299856,-0.00686052231824197,-0.417899039576299,28,8
"239",-1.02503848075867,0.868707236706485,-1.65159804256289,0.773756148006806,29,8
"240",-1.05580902099609,-0.649726919296522,0.333339556171476,-1.68191989395812,30,8
"241",0.266095727682114,-0.516843032487948,0.541870252604004,0.553020470457313,1,9
"242",0.537465572357178,1.713923975183,0.242142366620832,-0.733217490779242,2,9
"243",-0.347593784332275,-0.230615935709363,-1.16682468704449,0.0539162872549467,3,9
"244",0.162550613284111,2.30343813947277,-0.115497660330377,1.32530148761618,4,9
"245",-0.0978220254182816,0.777734059617073,0.0846866316181397,-0.0942411252085177,5,9
"246",1.49205505847931,0.66069703775627,2.02482999744776,-0.363916590499217,6,9
"247",2.43828010559082,1.11345547411737,1.47219190622377,2.09907693534038,7,9
"248",1.83878326416016,0.980183717394128,0.498005970245021,2.61108910476698,8,9
"249",1.36843740940094,1.09563295808075,2.0003464582829,0.514016948564878,9,9
"250",1.17915892601013,-0.0452247946002101,1.03157603542571,1.03853769835548,10,9
"251",0.0580107048153877,1.79600825648977,-1.09707950497666,0.467867985057699,11,9
"252",-0.594603061676025,2.23935045997381,-0.786660998995506,-0.623716968381834,12,9
"253",-1.78382658958435,-0.536944932850574,-2.32214451495858,-2.20452082185687,13,9
"254",-1.49555110931396,-1.80778061921138,-1.8555898775726,-2.36224623233608,14,9
"255",-0.450815618038177,-0.831123378027798,-2.18629449485653,-0.310638976109443,15,9
"256",-0.37246760725975,0.775690049283151,-1.12015899094037,-0.0970954846394553,16,9
"257",0.602319538593292,-1.26023216748014,1.5728834425752,-0.0609419199365984,17,9
"258",1.23868000507355,-0.123711405237617,0.0564015039200335,0.318251627282485,18,9
"259",1.82056701183319,-0.238578557390345,1.1165984246599,0.276147923299445,19,9
"260",2.48079681396484,1.76684916698805,1.07039884085251,1.86025628406655,20,9
"261",2.06705904006958,0.517624647582782,1.80888857560593,0.171408568329292,21,9
"262",1.53617107868195,1.31690852434159,0.88143042888336,0.637168802597262,22,9
"263",0.865824997425079,0.325109012521253,1.24475196920076,1.10727565367652,23,9
"264",0.498234242200851,-0.0619315016853808,0.984204809938564,0.863621523792859,24,9
"265",0.0435899011790752,0.591116768271534,-0.290847009560186,-0.30714930653173,25,9
"266",0.786052465438843,-0.353502269399009,2.05803207210199,0.605469264031734,26,9
"267",-0.764873385429382,-1.58696937036829,-1.8371335049914,0.00223425801592891,27,9
"268",-0.213545337319374,0.355013957927497,0.321531653362645,0.786589201726148,28,9
"269",-0.6133131980896,-1.03915529868844,0.355528070981818,-1.44671738303103,29,9
"270",-0.159770086407661,-1.75957814165079,1.06540625628361,-0.965302812335019,30,9
"271",0.163407608866692,-0.482318613517998,-0.434633997125564,1.16325430231549,1,10
"272",0.110193334519863,-0.9731724942018,0.324316862583759,0.866171093608359,2,10
"273",0.0336043946444988,0.342614917732992,0.25738271919782,0.646659126898858,3,10
"274",0.0245518535375595,0.0440320262686407,0.378447224788207,-0.0130448725711369,4,10
"275",-0.720482528209686,-1.86724380079425,-1.47319513891019,-0.915647825646512,5,10
"276",0.963692963123322,1.07613413638254,1.40533903058456,-0.268204015634845,6,10
"277",0.974665462970734,0.37991435146506,0.666281063996339,0.508825743037559,7,10
"278",1.74921238422394,-0.21582514140279,1.7298012033445,1.94213306093761,8,10
"279",1.29405307769775,-2.13644183292506,0.782183323640175,0.12603206846139,9,10
"280",1.08809757232666,-0.554574700085311,0.0964270663884523,-0.372603970009261,10,10
"281",0.278231561183929,0.686101858362424,-0.145081855304516,1.8454291341137,11,10
"282",-1.15800094604492,0.573948565925697,-0.594815135835912,-1.90881350589523,12,10
"283",-2.67320656776428,0.196294057598306,-1.99834336649721,-1.14497689561544,13,10
"284",-2.11718654632568,-1.23967505423042,-2.12941246112515,-1.26156359430904,14,10
"285",-1.13973593711853,0.484746884183049,-0.719040103042761,-1.29542987561984,15,10
"286",-0.61572527885437,-0.741877123026395,-0.6545829759955,-0.378103073802429,16,10
"287",0.47141695022583,-1.79271720008366,-0.311286386319315,0.801834347128153,17,10
"288",1.16972315311432,1.36868024918107,0.398836404492649,1.45698147331072,18,10
"289",2.46650838851929,2.01509849094927,1.29978049563025,1.0639205817181,19,10
"290",2.76890850067139,-0.397530163466046,1.43040172328302,2.99605467079068,20,10
"291",2.66813254356384,0.927149471035801,-0.650164067873288,1.12228641112751,21,10
"292",2.4188015460968,-0.0647339481908908,1.10694424758924,0.341723917854763,22,10
"293",0.646411240100861,0.982489302206119,0.45308007576272,0.0602112599699663,23,10
"294",0.814763128757477,0.480014364446441,-1.36265968037704,0.228509504692402,24,10
"295",0.233254507184029,-0.954838544021741,-0.581182463382352,-0.166340732540925,25,10
"296",0.142008438706398,0.0632442064803077,0.543611162601453,-0.489507926387971,26,10
"297",-0.696519196033478,-0.593537003994977,-0.959555798804774,0.741527063739123,27,10
"298",0.590227663516998,-1.69450505625914,0.725356286604534,-0.493822131985867,28,10
"299",0.0664799362421036,2.15104339023055,-0.204973504488337,0.351883365773627,29,10
"300",-1.59492671489716,-1.65028420322665,-0.609654524405479,-1.05312455301455,30,10
"301",-0.303587108850479,-0.499810287836284,-0.8936806603511,0.483309923195878,1,11
"302",-0.946559131145477,-0.0648731373134127,-0.735220492468679,-0.239226853092519,2,11
"303",-0.19858805835247,1.02531219977794,0.47154249280927,-0.225810569906622,3,11
"304",-0.264539301395416,-0.0952765981243617,-1.47138355292738,1.10524877231441,4,11
"305",-0.54324859380722,-0.778174382123793,-1.07947936136226,-0.598772312408487,5,11
"306",-0.464630216360092,-0.553351335326806,-1.71025801535677,0.306672071101553,6,11
"307",0.117069199681282,0.881850883939243,-0.621882110341962,0.31438791709712,7,11
"308",1.32851791381836,0.824359252160633,1.14172495762612,1.61231381907942,8,11
"309",0.70414400100708,1.90401782069993,1.25399310529364,-0.241809398449727,9,11
"310",0.0245720781385899,-1.21981038968912,0.0347333636409143,0.221202328038539,10,11
"311",0.196094766259193,0.12746536421611,-0.513411325729695,0.371414934362701,11,11
"312",-0.769707798957825,-0.54134489089821,0.412580505043193,0.638745807486848,12,11
"313",-2.14311122894287,-0.0594718629141398,-1.07717582826864,0.105720720404873,13,11
"314",-3.60002660751343,-0.352787536442324,-1.52038401150915,-1.6975062113875,14,11
"315",-1.92887091636658,0.101218237239067,-0.300530049621363,-1.71874068346022,15,11
"316",-0.0583137907087803,1.98816305822383,-0.69097615788191,0.693663396425979,16,11
"317",-0.153998732566833,0.0494436477310115,0.738903922537366,-0.896389831387124,17,11
"318",1.45510196685791,1.74992535422823,-0.977621910315045,1.38129204088754,18,11
"319",1.46427094936371,2.20498942467507,1.75671671732452,1.16913265698652,19,11
"320",1.80070281028748,0.635715731498481,1.28031249593435,1.86629169431142,20,11
"321",2.77712726593018,1.54142949929683,2.36116730038295,1.57991656736653,21,11
"322",1.62156069278717,0.258354496112957,0.0516451851205603,0.667597967694485,22,11
"323",0.8344486951828,1.18959508651904,-0.239633489497438,1.80245012302688,23,11
"324",-0.119253434240818,0.855437553573409,-1.70555562821786,-0.438397163271526,24,11
"325",0.166011467576027,0.411893752397361,-0.439387907967152,-0.913358884953422,25,11
"326",-0.52508544921875,0.414977425967821,-0.604956836458448,0.980209881442052,26,11
"327",0.109228134155273,-0.319062935801882,0.823812351817032,-0.650409514704538,27,11
"328",0.694302499294281,0.228642639408442,0.84296617582681,-0.0581061721011478,28,11
"329",-0.247544467449188,1.42857639770771,0.00665561333573231,1.68356115542295,29,11
"330",-1.33770370483398,-1.74352681219236,-0.739002547955041,-0.129599582516307,30,11
"331",0.0200803279876709,0.17163638742153,0.812258081986413,-0.354941302029654,1,12
"332",-0.534868478775024,0.173295444869919,-1.03771560517494,-1.61218157839473,2,12
"333",-0.523648381233215,-1.65390054602712,0.433846493123002,-0.887417639116131,3,12
"334",-0.122924104332924,1.84696943612321,-0.327576487259097,0.0743685645120512,4,12
"335",-0.760854303836823,-0.559920866392487,0.249302291102448,0.465729624035722,5,12
"336",-0.558102905750275,-0.476865480845618,-1.13185855768451,-1.06114309178504,6,12
"337",-1.1253045797348,-1.04550563066302,-0.737608405318353,0.281061690609069,7,12
"338",-0.38395693898201,-1.12191868250907,0.420539609314233,-0.850168958026651,8,12
"339",-0.34756463766098,0.319117242845879,-0.158069796776134,-0.60661831821562,9,12
"340",-0.243069708347321,-1.16662173563751,-0.570991307226082,-0.222345422076226,10,12
"341",-1.00833821296692,-0.693536110646641,-0.881041141640543,-0.591703012150188,11,12
"342",-1.92720997333527,-0.185029946102637,-1.15829478714871,-3.00976854891161,12,12
"343",-2.8966326713562,-1.66015792344555,-1.15036981329044,-1.13331244878451,13,12
"344",-3.79395151138306,-0.691347179437933,0.136684448903504,-3.74567995507614,14,12
"345",-2.31199645996094,0.514015392466092,-1.38061271087925,-1.73860738316164,15,12
"346",-1.08344376087189,-1.30858677508613,-1.87514858263122,0.20759265887434,16,12
"347",-0.499592363834381,-0.0636074967025249,-1.02271306362088,0.722660799367715,17,12
"348",0.548742771148682,0.436109155362497,-0.331612076900712,0.624510728573342,18,12
"349",1.38944125175476,-0.723105596950807,1.13455983084411,0.0445528144673789,19,12
"350",1.71012139320374,0.389232519495904,0.46261822376334,0.32516107116625,20,12
"351",2.3316535949707,3.70204124814649,0.66125930137886,-0.589528215709656,21,12
"352",1.81412494182587,0.193294324319218,1.59237248002706,1.37415754595903,22,12
"353",1.54861128330231,1.06093977276164,1.11133269781637,1.04627942322934,23,12
"354",0.87927919626236,-0.307060470307129,0.783848840671875,-0.334802976735107,24,12
"355",0.757541358470917,-0.24014594348938,-0.471052197322641,-0.46732243511096,25,12
"356",0.239263087511063,1.52005125609517,0.03634219093197,-0.0673109572736608,26,12
"357",0.138758078217506,-0.030006728913729,0.31923845292396,-1.03218353951163,27,12
"358",-0.938353836536407,0.893901195816973,0.174574293153279,0.19468187266587,28,12
"359",-1.14924895763397,-0.167241916388126,0.341872539441123,-0.0995070833451697,29,12
"360",-1.24570083618164,-0.423430531280465,-1.17879898435085,0.684436890370674,30,12
"361",-0.0212025493383408,0.10560858335854,-0.538701609571227,-0.506316763977101,1,13
"362",-0.603400826454163,0.0074237917376731,-0.0518250720648035,-0.49553020327595,2,13
"363",-0.00768073741346598,0.069409251208111,0.737382466184417,-0.566879605281323,3,13
"364",-0.0826358646154404,0.716777747350917,0.183611109532525,0.129619314305817,4,13
"365",-1.06493818759918,-0.00474269048269627,0.202184082852877,-1.64409859743035,5,13
"366",-1.40852427482605,0.400797398588628,-1.87191151254923,0.261615104049741,6,13
"367",-1.30380916595459,-1.11424553614258,-0.00937831555154967,-0.998600585302954,7,13
"368",-1.96147310733795,-0.656999236414716,-0.630698077127794,-0.925949732014524,8,13
"369",-1.57285642623901,-0.000457095371497684,-1.60882928005411,0.0095202376523601,9,13
"370",-1.18336474895477,-0.957905300878087,-0.409507723097885,-2.54742719420324,10,13
"371",-1.60602748394012,-3.15580570180202,-0.57653984611902,-1.67988118278674,11,13
"372",-2.06322193145752,-0.5702532640094,-1.58936936112386,-0.608159327874671,12,13
"373",-2.92491030693054,0.822980639207132,-0.918655042879449,-1.32438603056328,13,13
"374",-2.48831462860107,-1.10740331193752,-1.56811524489007,-0.472671182917843,14,13
"375",-0.909347772598267,0.444330579652627,-1.33564327177504,-0.493032031749984,15,13
"376",-0.851165592670441,-0.620088954651355,0.329406998344718,0.405095586488181,16,13
"377",-0.603689312934875,-1.16462101607441,-0.0813884829832264,0.537326147994353,17,13
"378",0.969503283500671,1.5228664855666,0.624096227014873,0.264630877965368,18,13
"379",0.94032347202301,0.397622633186938,0.991236782639417,1.03993271211671,19,13
"380",1.05454444885254,1.56293508250869,0.769338615590485,0.069773752936204,20,13
"381",0.66638994216919,2.00203558312427,-0.258814303517214,1.52913711014166,21,13
"382",1.83046448230743,0.743491335589755,2.14860397960612,0.141537518588404,22,13
"383",1.05902016162872,0.14278560721964,-0.361676562459176,-0.733753519755093,23,13
"384",1.38962376117706,0.433644385478513,0.0719980744421798,0.104206512798698,24,13
"385",1.6052383184433,-1.19628414877702,2.74755091994934,0.81327521544926,25,13
"386",-0.19260473549366,-1.12841508440148,-0.502931104744574,-1.14186765694856,26,13
"387",-0.408653497695923,-0.967167666364269,1.42619913197318,0.410329834378441,27,13
"388",0.207565516233444,-0.14832016453413,0.529736487211037,0.0303250911969635,28,13
"389",-0.156814008951187,-1.45837843772467,-1.79482869724162,0.431714827670757,29,13
"390",-0.900882124900818,0.518128723685323,-0.289963148379434,-0.751922077562959,30,13
"391",-0.396475106477737,0.51446971022223,-1.99081033207869,-0.89656514061049,1,14
"392",-0.97448194026947,0.963502534367471,-0.0461251664311926,-1.0207257293253,2,14
"393",-0.223666861653328,-1.25783906631533,0.163599117357469,0.0198056368625024,3,14
"394",-0.22700746357441,-0.6157005175659,-0.214398623681843,-0.321274221236697,4,14
"395",-1.27598261833191,0.614645984066968,0.812761181619931,-1.15951685293969,5,14
"396",-2.37810182571411,0.217665439558118,0.246717280691603,-1.81857016290315,6,14
"397",-1.57507634162903,0.0112724258308728,-0.330250169490447,-1.41823193910926,7,14
"398",-1.60556101799011,-0.966594916602627,-1.16222992955418,-1.92420329735273,8,14
"399",-1.92509150505066,0.564174507351061,-1.9614866937257,-1.39683223703494,9,14
"400",-2.19129419326782,-0.791864013181481,-0.672633097966954,-2.85184598144408,10,14
"401",-2.59777593612671,0.758945172355392,-1.23208021090214,-1.74081992756525,11,14
"402",-2.13581800460815,-1.08177347027998,-1.08599993194684,-1.19658296679081,12,14
"403",-2.1168487071991,-0.365887675205425,-0.97241407279163,-2.08167071205129,13,14
"404",-1.05295979976654,1.36640223363451,-1.19313477424961,-2.34140225108906,14,14
"405",-0.619507968425751,0.261305915852962,-0.166458571721545,0.0708077306326009,15,14
"406",-0.712850749492645,-0.0924069162434441,0.777279788127071,-0.272530548623935,16,14
"407",-0.443613290786743,0.470457361584156,-1.71351208168548,-0.0430261027979507,17,14
"408",0.231773808598518,0.385467564297295,0.497526697008168,-0.906375671800918,18,14
"409",1.16947436332703,-1.40576722481833,1.33271359258669,0.546170798232849,19,14
"410",0.807626724243164,-0.065992263733725,1.60255237215175,-0.995613059241164,20,14
"411",0.725992500782013,-0.291164247394325,1.34746124720638,0.290119229110803,21,14
"412",0.34222486615181,-0.77773473963259,-0.0935975547481559,-0.287429336659018,22,14
"413",1.05235409736633,-0.621490340508007,0.806031625606454,0.380469413112106,23,14
"414",0.221189096570015,1.52909038714139,-0.795199317125176,0.488825376924757,24,14
"415",0.484079629182816,-0.384359607562066,-0.462040955199714,0.847185353977746,25,14
"416",0.0728555172681808,0.499644375850535,-0.0155011905374594,0.385058502595085,26,14
"417",0.251852959394455,0.217125187137958,-0.586219499290528,0.575913676345603,27,14
"418",0.585521936416626,0.893793633066193,-0.325297177193445,1.1786332625094,28,14
"419",0.163736045360565,0.932353490403023,0.425779469355647,1.08470078508022,29,14
"420",-0.782435297966003,0.204106447032699,0.496048488320298,-0.110906033394571,30,14
"421",-0.626975357532501,-0.234069274767432,-0.187718853121474,-0.820325052642119,1,15
"422",-1.31830835342407,-1.50965297833214,0.409083448858792,-2.05708731388755,2,15
"423",-0.84319669008255,0.2670135813782,0.141347590383703,0.434064079697399,3,15
"424",-0.606181800365448,2.09757713827572,0.542591933996141,-0.361792839414345,4,15
"425",-1.46721947193146,1.20236553181084,-0.885371660733874,-0.734371157488069,5,15
"426",-2.85703015327454,-0.984721350841143,-3.1873064845632,-1.55798632015458,6,15
"427",-2.43631672859192,0.101897196475091,-1.45724956011976,-0.6236997138733,7,15
"428",-2.10323095321655,0.530552971924313,-2.21845560890943,-0.94467287181173,8,15
"429",-2.11703753471375,0.896506266081193,0.0347763710442346,-2.25822465277832,9,15
"430",-2.70165753364563,0.0178709437615207,-1.95409262653142,-1.35619152206635,10,15
"431",-2.52650141716003,-1.4902386743662,-1.47621217837446,-0.961755097106203,11,15
"432",-2.19609260559082,-1.35368412196275,-2.07462546357736,-1.39238433520043,12,15
"433",-0.757091820240021,-0.6207645085039,-0.772697081758201,0.157225974775118,13,15
"434",0.246047407388687,1.56878400552293,0.14039327176512,-0.303339788380778,14,15
"435",-0.165215522050858,0.751050248494325,-1.8823690799522,-0.00313804250060053,15,15
"436",-0.0515321455895901,0.534923436550433,-0.150582116162508,0.346782557120689,16,15
"437",1.06504106521606,0.121082941937969,-0.35867713048994,0.543488006762913,17,15
"438",0.102131314575672,-0.978884593660674,1.17383775875985,0.308729613933296,18,15
"439",0.072916641831398,1.13586709545628,0.52157299568976,-0.066468301721117,19,15
"440",0.694845497608185,-0.87046022303371,-0.455455184630486,-0.634937208297121,20,15
"441",-0.548953056335449,-1.4778619923341,0.789293975239229,0.966715526417143,21,15
"442",-0.414007216691971,1.06939085313635,-0.680450064200385,-1.41023238539741,22,15
"443",-0.982702314853668,-0.581464156227718,-0.0548503069991271,-1.14156107197393,23,15
"444",-0.633151292800903,0.736498619957147,-1.1481211922728,-0.64332479813788,24,15
"445",0.120502054691315,2.95684572866164,-0.555135412224093,-0.321657742489285,25,15
"446",0.171448364853859,0.874179466392437,0.674916355402951,0.906146753742987,26,15
"447",0.582401990890503,0.942246536063577,0.838215011620161,0.408995999248387,27,15
"448",0.452630400657654,0.372877986551877,-1.00590680341905,0.0710125426856054,28,15
"449",-1.22052228450775,-0.727478069220121,-0.553553627111336,-0.615164640870587,29,15
"450",-0.672020673751831,-0.341605195560315,0.01819700017872,-0.297178496571125,30,15
"451",-1.03976631164551,-0.53815617201116,-1.48364482638855,1.04995655860542,1,16
"452",-1.0260990858078,0.0590135060123214,-1.7342189627933,-0.70605539801928,2,16
"453",-0.951107680797577,0.0678162623508853,-1.92537922992715,-0.453061288501818,3,16
"454",-0.161195680499077,-0.809259365758766,1.73960223508497,0.216616940169618,4,16
"455",0.133551627397537,-0.76253271978158,0.476880198641018,1.04030892529258,5,16
"456",-1.73830282688141,2.19698599059436,-1.23907524112723,-1.31318306111967,6,16
"457",-1.28893053531647,0.131547088383832,0.378121982635237,-1.27723249790837,7,16
"458",-1.64986324310303,-0.49127232548412,-1.75790363921443,-1.50038697040333,8,16
"459",-2.96102714538574,-1.739601074691,-2.60157916079679,-2.3453681595015,9,16
"460",-3.11605954170227,0.466098904891869,-0.830818914254127,-2.47877564016351,10,16
"461",-1.88401520252228,0.652016025119339,-1.56400479446213,-0.329210602357736,11,16
"462",-1.95294260978699,-0.118741476893821,-0.800905064323778,-0.846362964218419,12,16
"463",-0.887364268302917,0.355172017838502,1.13648232968399,-0.721784677968516,13,16
"464",-0.77726536989212,0.0480081360721028,-0.723014698903006,-0.626359570578744,14,16
"465",-0.431892096996307,0.649460786929344,-1.05934485680139,-0.721338915628659,15,16
"466",0.332046568393707,1.54578574029955,-0.1452122252529,-0.447408167124408,16,16
"467",0.732872247695923,1.04720476148269,0.0964312011808339,0.76010139543971,17,16
"468",0.579938530921936,0.379904500501984,0.365160000241631,0.722836863920695,18,16
"469",0.106855489313602,0.00879999423857149,-0.0303710712388869,-1.0047618930726,19,16
"470",-0.214189484715462,-0.0920305783711644,0.47412843124188,0.37071332356518,20,16
"471",-0.845095455646515,0.985740216795481,-0.989596469197293,-0.662554542806768,21,16
"472",-0.798304438591003,-0.147594131170524,0.439852980641514,-0.241427551101334,22,16
"473",-0.762565433979034,-0.836887040010367,-2.33921773708984,-1.19007913376858,23,16
"474",-0.606709122657776,-0.44833437183442,-0.940123002684828,-0.451184598601655,24,16
"475",-0.461130857467651,0.634853574539565,0.0108016932639967,-1.71071952134813,25,16
"476",-0.357426643371582,-0.36338529413933,0.284961436602727,-0.570147152222087,26,16
"477",0.557517051696777,0.86645113585729,0.203593097152293,-0.690297903743711,27,16
"478",0.310046494007111,-0.0100318028565507,0.42613019258894,0.8610758310734,28,16
"479",-1.03364241123199,-0.636508391314452,0.292412660778961,-1.55847764500121,29,16
"480",-0.555451512336731,1.20306474104472,-0.849285141506684,-1.02497554195808,30,16
"481",-0.0688783451914787,-1.8841125334161,0.757274216387812,0.158745946969183,1,17
"482",-0.930073022842407,-1.35471670542525,-1.65822094294205,-0.149734768620712,2,17
"483",-0.359177261590958,0.654057358085912,-0.665731940322859,-0.477484563565176,3,17
"484",-0.0188387520611286,0.780352969889503,0.0644674134551975,0.0593980529454098,4,17
"485",0.454804092645645,-0.29053551910446,0.895388614356606,1.44740341209407,5,17
"486",-0.817500174045563,-0.344895217540084,-0.440138309217089,-0.0123481477476059,6,17
"487",-0.407787978649139,0.82672544326652,-1.00005714642492,-0.850411415781261,7,17
"488",-1.90428185462952,-2.24776696640733,-1.19738826552079,-1.839779844739,8,17
"489",-1.61797332763672,0.733106153238125,-1.77684613906145,0.336928818661475,9,17
"490",-1.85309863090515,-0.534498851700951,-2.58304872239743,-0.331568785580603,10,17
"491",-1.95464587211609,-1.66578486996153,-2.54836738655648,-0.533432500578493,11,17
"492",-1.834148645401,-0.460452238328484,0.924046722073791,-2.45849566720404,12,17
"493",-1.0156923532486,0.682104006595054,-0.588924454434275,-0.677916289202647,13,17
"494",-0.366617053747177,0.696107920278895,-1.19659612753791,0.481916485923794,14,17
"495",0.186232060194016,0.925681304356102,0.669008823443086,-0.0559648883661781,15,17
"496",0.482362061738968,0.54042995845854,-0.207118880343338,-0.536208293168497,16,17
"497",-0.173953220248222,-0.0243210081649401,-1.24001976396779,-0.020217487596848,17,17
"498",0.109876811504364,-0.235289250441256,-0.321530338862163,0.510446227366401,18,17
"499",0.0879793465137482,1.07661624310874,-0.221780753112092,0.0627911604408703,19,17
"500",-0.304574102163315,-0.058198545981067,0.908682105308454,-1.33639197189951,20,17
"501",-0.450123012065887,-0.140648750583701,1.81186938823228,-0.393593803324126,21,17
"502",-1.34142410755157,-1.17453323548446,-0.0650252764989786,-1.97376920455322,22,17
"503",-1.53620588779449,0.965595515537174,-1.1236725916543,-0.54371521966064,23,17
"504",-1.02921986579895,0.127236789767323,-1.8868597492939,-0.307517386931189,24,17
"505",-1.09622156620026,0.126704688253796,-1.12796079632189,-0.662491640948702,25,17
"506",0.15152895450592,0.00361418034405641,-0.108416922703951,-0.782225427882949,26,17
"507",0.410646200180054,1.48432287381893,0.280700949192529,0.20962768234887,27,17
"508",0.79268616437912,2.66253701839359,-0.0477273559860607,0.902679711528418,28,17
"509",-0.213326439261436,-0.610113292016702,-0.404608825756777,-0.0710473465476925,29,17
"510",-0.237230733036995,0.609405804346962,0.305593311075967,0.213182349636996,30,17
"511",0.813932597637177,-0.898233987504568,-0.0451447392922498,-0.0922848483691849,1,18
"512",-1.01047956943512,-0.916285228723462,-0.486066033107302,-0.681120973906469,2,18
"513",-0.0700905546545982,2.3065603799543,-1.28893025674481,-0.248945610730908,3,18
"514",-0.32897013425827,-0.793632303236953,-1.2791659651882,1.21663046179025,4,18
"515",0.348030149936676,0.184868745523758,1.25836554020826,-0.170369850457302,5,18
"516",-0.0181804914027452,-0.369206703931696,0.128298581340313,-0.474575726936567,6,18
"517",-1.07249855995178,-1.94133563122168,-0.994388570101176,-0.196927511973227,7,18
"518",-1.89831268787384,-0.655513425145639,-1.41921986563281,-0.84661313943348,8,18
"519",-1.35299634933472,-0.192298393360026,-1.50425738409276,-0.759267861865817,9,18
"520",-1.74325346946716,-0.300116357315264,0.374446684770553,0.0174121908891125,10,18
"521",-0.615372717380524,-0.548768978836995,-0.25209449456237,-1.17694505216678,11,18
"522",-0.752089142799377,-1.50348720126115,-0.139223427099707,-0.259944502166485,12,18
"523",-0.40745946764946,-0.415653109493718,0.715066748582371,0.921135211260501,13,18
"524",-1.25370764732361,0.304901575869933,-0.787393185335787,-1.54509882084604,14,18
"525",-1.20329225063324,-1.64096761036601,-0.51741469170042,-2.12511421590366,15,18
"526",-0.60048109292984,0.158534918555608,0.542710022082209,-1.13931936510905,16,18
"527",-0.560459971427917,-1.12460268005464,-0.35403818824567,-0.549381282556947,17,18
"528",-0.595001876354218,-0.32369626669981,-1.31562495534459,-1.64651189834902,18,18
"529",-0.870461225509644,-0.896190038046418,-1.05828453753822,0.514278565895019,19,18
"530",-1.07125616073608,-0.804272144503715,-0.139143876487887,0.0984322579503321,20,18
"531",-0.938749551773071,-1.3493470288744,-0.130594417961274,-0.571575798333988,21,18
"532",-1.08575236797333,-0.16530592071763,0.125490080904947,-0.311716813246249,22,18
"533",0.254206269979477,-0.457639538889982,-0.565401508449924,-0.459700784822656,23,18
"534",0.206085219979286,-0.709677425469344,-0.0152217894722812,1.4617274836916,24,18
"535",-0.174253761768341,-1.52066822908438,-0.126980172539081,-0.567350816065168,25,18
"536",0.127533614635468,0.548686312237535,1.79861585863739,-0.739952935263397,26,18
"537",0.426966071128845,-0.119958389797116,0.248820838995061,-0.55458387378698,27,18
"538",0.570885002613068,1.55600172101488,0.694682529366714,0.900242632838237,28,18
"539",0.167179822921753,-0.194627591996956,-0.10532244998872,-0.223118491043617,29,18
"540",0.512185454368591,-0.0943476560776308,0.494113342269873,-1.03771485174616,30,18
"541",0.716873586177826,2.02386185723447,0.944773911260618,0.964156715120861,1,19
"542",-0.688133060932159,-1.2763273357474,-0.730028678403138,-0.0423562107159582,2,19
"543",-0.296612590551376,-0.806764667204428,0.245787642318101,-1.04069866276267,3,19
"544",0.119838908314705,-0.466982115054074,0.904837480459926,-0.549861772532194,4,19
"545",0.848769009113312,-0.102571400589617,0.0727487069390674,-0.60525674516827,5,19
"546",-0.0817622914910316,1.06775505599231,0.0971213892934406,-1.59775638753899,6,19
"547",-1.14642202854156,-0.205335404630583,-1.73700218824894,-0.859287692944533,7,19
"548",-1.59316170215607,-0.909286065532084,-2.32449126168817,-0.21558017817342,8,19
"549",-0.304881721735001,-2.13877326207514,-0.142266577874601,0.669251590965997,9,19
"550",-0.273236930370331,0.679412653456277,-0.737158857054033,0.880276499330581,10,19
"551",0.331543385982513,0.920281661144481,-1.18818991388604,0.289815172576696,11,19
"552",0.188054084777832,0.429397309967744,-0.257646308734773,1.01985396235842,12,19
"553",-0.889183282852173,-0.438882082933388,-0.652437146845282,-0.505316314384971,13,19
"554",-1.42665529251099,-1.26592496091091,-0.571025827976483,-1.16293321620886,14,19
"555",-1.07636094093323,-0.993996985475707,-0.71163424611797,-1.21364161764724,15,19
"556",-1.21747493743896,-1.02657551243178,-1.03786024962572,-1.79493320031934,16,19
"557",-1.61846876144409,-0.384273868039866,-0.346398992408297,-0.392079435241056,17,19
"558",-1.25405740737915,1.70150505803838,-1.25889504211341,-0.875700255970253,18,19
"559",-0.449223637580872,0.0199398929712352,0.301145346585236,-0.122218502919983,19,19
"560",-0.851896822452545,1.23596721383856,-0.216256256307293,1.00756799911516,20,19
"561",-0.1451675593853,-0.0509011091166615,0.248117050457975,-0.779287787053825,21,19
"562",0.691573143005371,-0.136999792494292,1.69646440448425,-0.391023607998158,22,19
"563",0.449413448572159,0.481392627981423,0.127037907633219,0.62898134368524,23,19
"564",0.455293864011765,-1.94838033219743,-0.580221050625361,1.48340429210062,24,19
"565",0.575497508049011,-0.290910733884885,0.29038045737814,0.123665852523345,25,19
"566",0.956655859947205,-0.741334339526709,-0.172560093545395,1.12715953062686,26,19
"567",0.896094977855682,0.356903220886442,-1.88619668228437,-1.74912935723737,27,19
"568",0.38494685292244,0.543568156450368,0.333585394246245,0.900610667440741,28,19
"569",0.729699373245239,-1.56325128443693,1.57270228214765,0.910951228950224,29,19
"570",0.158037588000298,-1.00914202426692,-1.93230688835559,-0.641402839308563,30,19
"571",0.431218892335892,0.0485642089831405,0.783628843593055,0.869421710524789,1,20
"572",-0.844904661178589,1.23128286367751,0.846499725760483,0.0692695663348226,2,20
"573",0.197559460997581,0.49511437218599,0.479447360008258,-0.0846718980842502,3,20
"574",0.192016616463661,-0.0672053905022636,1.39072732056529,0.513363171241142,4,20
"575",0.398045033216476,-0.0879505248179773,-0.348245280882464,0.441615724744097,5,20
"576",-0.291217178106308,-2.3351567005971,0.51294203201431,-1.5178007537753,6,20
"577",-0.0785834044218063,-1.39564228972099,-1.20542078199478,-0.759127968929692,7,20
"578",-0.0041814767755568,-1.1907895583469,0.253729193420509,0.370867269058906,8,20
"579",0.546500861644745,0.125633307459228,1.84268732862878,0.847352579244748,9,20
"580",0.683991551399231,0.165147404115824,0.594452933336707,-0.77588345505327,10,20
"581",0.360720783472061,0.601582335288666,-0.7837297747367,-0.241854968427129,11,20
"582",0.0352731049060822,-1.54319516808073,0.185126535208837,0.420172827880916,12,20
"583",-1.32850897312164,-0.950620164990846,0.216320572228198,0.532560717534522,13,20
"584",-1.40984094142914,1.41656386549368,-1.83574119362466,-0.821144940028426,14,20
"585",-1.46327006816864,-2.82007137350804,-0.312055122919885,-0.449007428072583,15,20
"586",-1.5896121263504,-0.18963694390413,-1.06018657738488,-0.863524649040907,16,20
"587",-1.40518200397491,-0.0583925266689834,-1.04348437974562,-1.49202512233802,17,20
"588",-0.875709295272827,-0.156425463986519,-0.368173000090131,-2.29799149649402,18,20
"589",-0.583926260471344,-1.11729674341403,0.181947332986676,0.778915731571286,19,20
"590",0.515230774879456,0.363023870619965,0.333680711705672,-0.18792635767194,20,20
"591",1.77834224700928,-0.87619609963382,-0.936473859544225,1.15704637917064,21,20
"592",1.08570528030396,-1.08976269825845,0.639460472516825,-0.470430225220472,22,20
"593",0.194454208016396,1.22025295168878,-0.656650176566526,1.22220049326383,23,20
"594",-0.284719496965408,-0.655280852920465,-1.91485709444975,-0.171767245671345,24,20
"595",0.493503928184509,0.225908233679162,0.236520479444323,0.464642606009464,25,20
"596",0.640110790729523,-0.620979759222114,0.339438733103301,0.35527336583618,26,20
"597",0.195880755782127,-1.16868185632812,-1.60525670057458,-0.290693084533367,27,20
"598",1.01151740550995,-0.185725924055328,1.62608805068431,0.741707997987717,28,20
"599",0.396383196115494,-0.230748997279441,-1.00365412444565,1.05939667352516,29,20
"600",-0.159886181354523,0.980050313887452,-0.449430178023874,-0.287220184006163,30,20
"601",0.183763027191162,-0.346253071108792,-0.524418144625337,-0.743871739846223,1,21
"602",-0.457889407873154,0.0529862871242344,-0.312288121108555,-0.187790674860447,2,21
"603",-0.724570214748383,-0.288627329171831,-0.217097817729834,-0.205431972676859,3,21
"604",0.0318269655108452,-0.470347427189341,-0.185087809932228,-0.944311042828968,4,21
"605",-0.0547678656876087,-0.263006500740327,-0.785841999048496,0.805402412925141,5,21
"606",0.275982618331909,-0.88191412394188,0.288836125894425,0.294186169292112,6,21
"607",0.604114770889282,0.86671581383509,0.604878443044701,0.998649854845363,7,21
"608",1.3731210231781,1.70545676273754,0.822800604888849,1.51532621382609,8,21
"609",1.02541792392731,0.987681739355153,1.98155462934247,1.33846012520209,9,21
"610",1.12457871437073,0.481657879286948,1.66545349179181,2.15475578173319,10,21
"611",0.543178200721741,-0.262060071696174,-0.105515755509295,0.0802193182595719,11,21
"612",-0.289993673563004,-1.02558106435664,-0.677333704056903,-0.386640008957486,12,21
"613",-0.54034149646759,1.0961301851421,-0.457410141654378,-1.7266736463495,13,21
"614",-1.39995563030243,1.17122461081942,0.397275895670139,-1.06914043722947,14,21
"615",-1.65546762943268,-0.614946016104956,-0.0294322712865064,-0.569153283017585,15,21
"616",-1.88832545280457,0.975584757365502,-0.400672812346011,-1.11693626497577,16,21
"617",-2.18922281265259,-1.65770679106621,0.659999819735448,-1.31294376509078,17,21
"618",-0.671519875526428,-0.839740605970799,-1.14416176016238,-0.18586163305055,18,21
"619",0.789680421352386,-1.32209154520796,-0.149837923223311,0.338258933619718,19,21
"620",1.42531967163086,1.07493955950307,2.5454489161132,1.17675489850548,20,21
"621",2.79221367835999,-0.289842499307691,1.25931499405322,1.18480245353406,21,21
"622",1.25931203365326,-0.710957037672953,1.28043378859436,-0.0442068261155169,22,21
"623",0.496542811393738,0.538584942236199,0.0831279499087787,0.348043010089804,23,21
"624",-0.32030975818634,-1.3824317777683,0.581790234261,-0.445554652690223,24,21
"625",-0.402820378541946,-1.70142076031085,-1.31213248219822,1.31992346324858,25,21
"626",-0.267672389745712,-0.0176238134929228,-1.13327207586259,0.0965070509765744,26,21
"627",-0.791676044464111,-0.542218915735202,-0.940554806507732,-0.827561933555597,27,21
"628",-0.0714347884058952,0.235145261582793,-0.353461169820012,-0.146871826658558,28,21
"629",0.621624171733856,-0.257865915204426,0.912353208372289,0.418055242984177,29,21
"630",0.331083178520203,1.13714450597604,0.631059787201297,1.98278883302191,30,21
"631",-0.317613124847412,0.478578218305305,0.622548682984181,-0.624077984587014,1,22
"632",-1.09928500652313,1.23316949421687,-0.429559202883904,-1.34604992217905,2,22
"633",-0.691398024559021,-2.2797668922733,-0.784152032765687,0.0624344975098736,3,22
"634",-0.154149457812309,2.46280717428914,-0.397126550528565,-0.18670395300471,4,22
"635",0.658462226390839,0.168891636346318,-0.691539231183536,0.0490494665804197,5,22
"636",0.397812962532043,-0.500085152942546,-0.357397768851171,-0.742470400102716,6,22
"637",0.713308930397034,0.263153202645994,-1.26619473021294,-0.120836229883247,7,22
"638",1.07811594009399,0.912593449760592,-0.266932455164843,1.31778071449349,8,22
"639",1.18129348754883,-1.90630541461315,0.538719553448027,1.84183461823713,9,22
"640",1.29986846446991,1.24556978874626,-0.607139686302168,1.94083792233886,10,22
"641",1.3009979724884,0.127444266703484,1.59170307784334,0.820150474658204,11,22
"642",0.662192404270172,-0.671102401357025,0.361261433733813,0.0351263374791512,12,22
"643",0.110351651906967,-0.588426619095948,-0.180972364406252,-0.797036362261748,13,22
"644",-0.621560513973236,-0.222734301753642,-0.781448093268413,0.181343156235085,14,22
"645",-1.55917596817017,0.343055948800103,-0.932691088803338,-1.51625938699336,15,22
"646",-2.23320150375366,-1.28384229683058,0.0612621419077339,-1.34783223337407,16,22
"647",-1.18806302547455,-2.2271752161489,-0.773931146035022,-0.706928076829265,17,22
"648",-0.342233419418335,-3.3818610692835,0.858690772266008,1.00877602988658,18,22
"649",1.16250801086426,0.148477329320661,0.941845610478042,-0.727052607987933,19,22
"650",2.0971691608429,0.128605018130947,1.22045370682302,1.51657461151682,20,22
"651",2.2666642665863,-0.051876140701082,-0.045817025786494,1.71224345649749,21,22
"652",2.18944120407104,1.44587925721707,1.26084630717614,2.08920078476015,22,22
"653",1.10156548023224,0.399982835346075,1.14114933391851,0.648471772026609,23,22
"654",-0.144687652587891,-1.1972754537713,-1.32142903421093,1.36202669631113,24,22
"655",-0.639969289302826,-1.52218875396873,-0.43311417473317,0.448413251166041,25,22
"656",-0.404974311590195,-1.11221349919248,-2.08451146862712,-0.822926448763284,26,22
"657",-0.298102378845215,0.509763583100755,-0.0604107759752833,-0.988670431138305,27,22
"658",0.150381714105606,0.557747083869605,-1.13909612302937,0.879015345026265,28,22
"659",0.862572610378265,-0.634510764757957,0.376842636188,-1.5466035104001,29,22
"660",0.480388581752777,-0.931582310015092,0.197769447476883,-0.252564074763043,30,22
"661",-1.13494348526001,-0.258736215184265,-0.399541457096192,-1.31232736524749,1,23
"662",-0.91643351316452,-0.609081349687111,0.265441650785084,-0.0659091242553367,2,23
"663",-0.0883099809288979,-0.137572388989803,-1.32321903044175,-1.94291188728659,3,23
"664",0.0472774617373943,1.06737643002638,0.733499922901316,-0.119733042004178,4,23
"665",0.127856984734535,0.229958667427956,-0.341466776601185,0.784552437845829,5,23
"666",0.201829969882965,1.65640885412273,-1.25982911936708,-0.0263314719740861,6,23
"667",-0.249961376190186,1.22802070907382,-0.97766974435903,-1.20394013476778,7,23
"668",-0.192531824111938,-1.39557886945204,0.16182149643111,1.13143108600693,8,23
"669",-0.433354198932648,-0.926259134127501,-0.784455883989141,-0.0908056095932896,9,23
"670",1.53938376903534,0.649211980237881,-0.587957318879962,1.04928852299891,10,23
"671",1.21552228927612,1.74165603391876,0.951361506427965,1.03402013313715,11,23
"672",-0.4589664041996,-0.208350410510343,-0.640676503726245,0.551528033246061,12,23
"673",-0.304848670959473,0.821547056810406,-0.898244498413703,-1.10950667094961,13,23
"674",-0.663834095001221,-0.979048763777978,-0.336925000864592,1.16101704154648,14,23
"675",-0.579470992088318,0.207243442675246,0.675839419981121,-0.729688704847917,15,23
"676",-0.88120448589325,-0.799586176718867,0.0251158512873165,-1.38978152356693,16,23
"677",-0.749282598495483,0.383983092167081,-0.832064729318003,0.0871069045884157,17,23
"678",-0.54167640209198,-0.351023947901791,-1.13562425344413,0.0418198579005871,18,23
"679",0.431415855884552,-0.160415136667226,1.45352050007133,1.74856932222177,19,23
"680",1.68173050880432,0.700345875631323,-0.374308269570482,0.790598961042899,20,23
"681",1.92512583732605,-0.309532973302144,0.0760650695716892,1.60694213998102,21,23
"682",1.90660452842712,-1.40271098730391,0.731519027148918,1.32841760765,22,23
"683",0.705583155155182,-0.241054502272771,-1.19109025252195,0.77150910656523,23,23
"684",-0.0196355134248734,-0.790793823926365,-0.924450366777904,0.78566027245071,24,23
"685",-1.6760379076004,-0.82020017866351,-0.636498663647659,-0.645945209046944,25,23
"686",-0.55761182308197,0.512032656103022,-1.02216100692957,-0.835626003290316,26,23
"687",-0.484602361917496,0.386078187612769,-1.53630459240365,-1.14094988018384,27,23
"688",-0.87090015411377,-1.85401281599688,-0.818111228885997,-0.837881315654082,28,23
"689",-0.420939952135086,0.689649140899941,-0.0749462431042019,0.710986381434473,29,23
"690",-0.0132528310641646,-0.514280289458851,-0.124596560366714,-0.903796061398177,30,23
"691",-1.14198529720306,-1.43368408526664,0.256731614209775,-1.55081766818324,1,24
"692",-0.864464163780212,-1.84295800222127,-0.997476246988066,-0.334303035943255,2,24
"693",-0.241849407553673,0.959660820521017,-0.0399754423847312,-0.54790619210182,3,24
"694",-0.180261716246605,0.696478281184966,0.245695499396722,0.556394303434841,4,24
"695",0.274716258049011,0.101791374402664,-0.507572885406558,0.0420040330246657,5,24
"696",0.528428792953491,-0.4940645752714,1.77950860217787,0.228486767547543,6,24
"697",0.0817305222153664,-0.160414001027784,0.838038249515389,-0.0109840029208105,7,24
"698",-0.309091925621033,-0.228428088645225,0.302315225513932,-2.10987541579595,8,24
"699",0.383650869131088,0.754584645761857,-0.270349582948671,-0.77237897697155,9,24
"700",0.556277811527252,-0.372214135153832,0.737175563849769,1.96567269444127,10,24
"701",-0.138596400618553,-2.24662470085318,-0.147727090796905,-0.325900660161687,11,24
"702",-0.395546734333038,0.305176343576237,0.580214005530354,-0.0039093274545707,12,24
"703",-1.63529217243195,-0.807907118871765,-0.784339684205199,-2.3430198349574,13,24
"704",-1.72098791599274,-1.65926040537633,-0.214726823730918,-0.616848208189532,14,24
"705",-0.754363715648651,0.419145979604639,-0.24226049200634,-0.6546243263915,15,24
"706",-0.981526970863342,-0.154697435983235,0.350712191416781,-1.99788264634284,16,24
"707",-0.526532888412476,-0.00455126567205191,0.884402241320142,-1.18720300070481,17,24
"708",0.665422797203064,0.650213955179286,0.905637554168454,0.517449850976978,18,24
"709",0.753243565559387,-0.724933495535569,0.236122638805301,-0.364270956805344,19,24
"710",1.23076951503754,-1.0438106941354,0.369009787396986,1.43401500890004,20,24
"711",0.696391761302948,0.894438288806723,1.15528773881109,-0.516600073546024,21,24
"712",0.633441865444183,-0.506532560172317,-0.34761254022288,0.812488158906895,22,24
"713",0.646042943000793,-0.475697561236082,0.907344830231606,-0.219043881364564,23,24
"714",-0.62775844335556,-0.89719380071285,-0.328338145323287,-0.509669616067614,24,24
"715",-1.01000845432281,0.119011718504612,0.195807621232481,-1.07485535716985,25,24
"716",-0.594839632511139,-0.356160661621247,-1.01188469334505,-0.279662095647393,26,24
"717",-1.09621155261993,-1.55132948489711,-0.693082751227568,-0.893354226928955,27,24
"718",-0.368245959281921,0.202044573424107,0.402486867671079,1.59136547057508,28,24
"719",-0.85610842704773,0.0976137537918653,-0.818508417546829,-0.653884657625676,29,24
"720",-0.309417009353638,0.132966978391232,0.291887400438246,-1.01422003132222,30,24
"721",0.048701073974371,0.542853960713744,-0.503931015349628,-0.0275400731650426,1,25
"722",0.0896485894918442,-0.274018470355101,0.486884800881759,-0.830236204015722,2,25
"723",-0.149309620261192,-0.192056735108805,-0.00243378723211503,-0.594415150995278,3,25
"724",-0.0488754287362099,-0.383519359098381,0.0511325465637175,-0.466227527277246,4,25
"725",-0.309500485658646,0.448706367649084,0.0820701578672484,-1.56837339252948,5,25
"726",-0.237215980887413,0.652536371774562,-1.51467215097833,-0.106948912317575,6,25
"727",-0.219954758882523,-0.885663007502138,-0.347755924019164,0.00729568693494353,7,25
"728",0.0831502452492714,-0.72836911407631,0.789053923923815,1.35844906313651,8,25
"729",0.0888362750411034,-1.06381763135114,0.310179654829651,-0.574874328180962,9,25
"730",0.0113158226013184,-0.592906317233974,0.113431025691411,-1.10984989123408,10,25
"731",0.253542572259903,0.421414014360733,-1.47081467276587,-0.495629770574313,11,25
"732",-0.627764880657196,-0.194308364233653,-1.03636994057446,0.369843248132438,12,25
"733",-1.62782609462738,-0.945908597179865,-0.0670621530235296,-1.16679850805271,13,25
"734",-1.51800203323364,1.00155934057437,-2.70948903603573,0.260708845590792,14,25
"735",-1.05309808254242,-0.963309103582433,-0.12410297608127,-0.194378967231537,15,25
"736",-0.410935819149017,-0.891525930213433,0.177319387420738,0.531752895050321,16,25
"737",-0.0660266280174255,0.261002141958454,-1.11162220000476,0.748036832329678,17,25
"738",1.03277587890625,-0.441829590050817,0.310210077317556,1.67637924291915,18,25
"739",-0.293393641710281,-1.03783201537411,-0.470457944558212,1.18430696472055,19,25
"740",0.692599892616272,0.79296420111698,0.184125986138658,0.642657649518885,20,25
"741",1.15216791629791,1.31647891108889,2.28856370445575,1.48328433280261,21,25
"742",0.704087197780609,-0.666583991646536,0.129033662657894,0.436098291636918,22,25
"743",0.330884575843811,1.01688074824595,-0.544923364622097,0.247373977081282,23,25
"744",-0.272771090269089,-0.617083875982215,-1.03842342173545,-0.0979337151743183,24,25
"745",-0.326337814331055,-1.7571615063721,1.20871039782386,-0.439420886085819,25,25
"746",-1.18209731578827,0.423770586156485,0.583602195276337,-0.681246445705781,26,25
"747",-0.690699696540833,1.86188001717947,-0.750514798001808,-0.233066168919766,27,25
"748",-1.25046825408936,-0.0409762463364254,0.549652608244218,0.283054616878672,28,25
"749",-0.408955365419388,-0.701344934978935,-0.401072780719964,-0.0217809298198771,29,25
"750",-0.615221738815308,-1.61126813106023,0.629101813438038,-1.62541412157318,30,25
"751",1.01707172393799,1.08757026340926,1.6314717781171,0.499819494817543,1,26
"752",1.0187509059906,2.2931010838125,0.876810663950765,-0.955347774466758,2,26
"753",0.861425518989563,2.19567618285203,-0.0302166050345605,1.64085470171626,3,26
"754",0.732546210289001,-0.45543344633032,-1.67090989700686,0.786937019316326,4,26
"755",-0.238200545310974,1.41772494710564,0.400548611228382,-0.427279816574134,5,26
"756",-0.0296725537627935,-0.776237148997379,0.44858108861762,0.966357008540054,6,26
"757",0.17349499464035,-0.196643815477845,0.591800396801532,1.7458070307557,7,26
"758",0.488601565361023,-0.580843350286542,0.0853888941325416,0.33573620881502,8,26
"759",0.560191035270691,0.865691258338017,-0.770356380676681,1.0934887851764,9,26
"760",-0.371321052312851,0.135104622316603,-2.02596328402894,0.320680384899371,10,26
"761",-0.284215927124023,0.736149493244605,0.191265727695866,-0.837073256216618,11,26
"762",-1.43915665149689,-0.0701278276295105,-0.718417918747805,-0.674288592681007,12,26
"763",-1.08020639419556,-0.433971505513285,-0.724766736917679,-0.197072815417611,13,26
"764",-0.653578221797943,-0.609144111912216,-1.19404078910236,-0.152215036761148,14,26
"765",-1.36053621768951,0.00410238815324449,-0.64023013204978,-0.729227058358515,15,26
"766",-0.447420954704285,0.0881322709877378,-0.375145422401882,1.00939368875762,16,26
"767",0.198338687419891,-0.52560059960661,0.435153999966581,-0.173630591415758,17,26
"768",0.529141902923584,1.43047135691267,0.896373418991002,1.65648486783519,18,26
"769",0.274465441703796,0.508638720825645,-1.27779025733502,0.336198996866274,19,26
"770",-0.638201057910919,-0.7147625551914,-2.11847065170962,0.0540231998564288,20,26
"771",-0.48338058590889,-0.411787870179693,0.744482774053419,-0.656582657336209,21,26
"772",0.778909623622894,-1.03089455434055,0.948521375630978,1.78646422673473,22,26
"773",0.173358961939812,-0.342586469143038,-0.149489273233708,-1.13414591775767,23,26
"774",-0.298772692680359,0.615635272668856,1.52352468788327,0.294350578091705,24,26
"775",0.525137662887573,1.63145832269904,0.0441890495094158,0.160119771464539,25,26
"776",0.0531101152300835,0.31348890378627,-0.55702846823835,0.75855295758146,26,26
"777",0.618621528148651,0.665386597867845,-0.944395980085667,2.10432653802824,27,26
"778",-0.435212671756744,-0.223639348979743,-0.171459757134123,-0.550377550060112,28,26
"779",-1.16122090816498,-1.97301325438242,-0.191531870538368,0.365983640330271,29,26
"780",-0.0571872107684612,0.353808785741819,1.04247586826521,0.893476045865318,30,26
"781",1.26956939697266,0.904882976682077,1.46599292681213,1.20166776448342,1,27
"782",1.2722145318985,0.289299910648179,-0.57839404926814,1.29426244065045,2,27
"783",0.60873955488205,-2.05335284395582,1.83241158808252,1.04301905211564,3,27
"784",0.118629850447178,1.21919975196858,1.20208915069464,-0.0295514786558304,4,27
"785",0.0635977983474731,-1.48079798833388,0.487602839855371,-2.58796264802967,5,27
"786",0.577598869800568,-3.15972193398859,1.11250564168045,-0.531064690268883,6,27
"787",0.428920418024063,0.967116879439996,0.678940721971829,0.168732801834317,7,27
"788",0.931590616703033,0.568745966725754,0.641497072008063,1.47278589490423,8,27
"789",0.338716506958008,0.861866778781213,0.293950690832343,-0.720592872393586,9,27
"790",-0.729729533195496,-0.431206412415097,1.36915923565417,-0.794487959519768,10,27
"791",-0.446045428514481,-1.82835882881848,-1.15067186645891,1.36922664132972,11,27
"792",-1.53927314281464,-2.28135166628283,-1.95961430735758,-0.37811384086606,12,27
"793",-1.25994312763214,1.44691272525167,-0.668585830097609,-0.926314123654747,13,27
"794",0.201865687966347,-0.154209454909006,0.228921593923186,0.417269985831768,14,27
"795",-0.185058698058128,-0.162798884085211,-0.262156263251546,0.464481457761265,15,27
"796",0.239921271800995,-0.536984402180453,2.2367197608281,-1.47862144698906,16,27
"797",1.63552594184875,0.524940410909851,2.43474018970161,0.770454957534604,17,27
"798",0.928184151649475,0.806835320289706,0.77982997719255,1.49728783369699,18,27
"799",0.502128422260284,0.381309727228055,0.969688907503663,1.2935848679631,19,27
"800",0.0671687349677086,0.950030567980257,1.06014101621774,1.20158692717378,20,27
"801",-0.131834119558334,-1.01902675374045,0.5518738419249,0.00385526772392701,21,27
"802",0.323901385068893,1.13375028667237,-0.649462211027131,0.48224434626313,22,27
"803",-0.199487373232841,-0.316852998925513,0.0753147812301673,0.272834978242436,23,27
"804",0.474160522222519,0.690011667284673,-0.459022683304286,1.20816159812363,24,27
"805",0.138374358415604,1.58068416964439,0.907830486148203,0.861025090934393,25,27
"806",1.1073294878006,-0.116545968353264,-0.39797904071064,1.15969402531839,26,27
"807",0.664431154727936,1.63691854772731,0.406904038970413,0.864971401747447,27,27
"808",-0.813053905963898,-1.13731559510348,0.0849019969001808,-1.03087764703603,28,27
"809",-0.414372324943542,-0.770149991217473,-1.34096373891979,-0.167222403988932,29,27
"810",0.421910136938095,-0.613234973630684,1.5419865529661,-0.0966992958581292,30,27
"811",0.47247326374054,2.19374775488359,-0.156807051694349,2.0126625562544,1,28
"812",-0.213841840624809,0.0349807070067821,-1.12997013734346,0.894288510588669,2,28
"813",0.601544678211212,-0.0171317110619389,3.09444783644686,0.130326980497294,3,28
"814",-0.078358992934227,0.0737517046363715,0.602865380107099,0.87809296276339,4,28
"815",-0.152978166937828,-0.101969987575487,0.929623651099864,-1.3004009776345,5,28
"816",-0.333658874034882,0.257295653501494,0.862424873923393,0.179621410555278,6,28
"817",0.00896657351404428,-1.22555179480591,0.117504591942697,0.394272412704069,7,28
"818",0.656260550022125,-0.0948364068770804,-0.369450351447323,0.519353793566514,8,28
"819",-0.0691990256309509,0.339239502212833,-1.37277000458416,-0.101219291178731,9,28
"820",0.457453191280365,0.923429440393042,0.457591645180502,-0.532497187568133,10,28
"821",0.266682058572769,-2.02831157252166,1.08480546872714,-0.386893303597808,11,28
"822",-0.197676062583923,-0.525445172353855,-0.546204920880181,0.736810389079269,12,28
"823",-0.373054355382919,0.110038068541992,0.0474255462696618,-0.214578450600098,13,28
"824",-0.848995387554169,-0.542513003427509,-0.0382185567129826,-0.660991957763615,14,28
"825",-0.224998012185097,1.08064974243467,0.842585992333304,0.658288841569159,15,28
"826",0.895250678062439,-1.08012010543422,0.975164191612546,1.60027365511223,16,28
"827",1.42885339260101,-0.157571092104793,0.862830862590309,0.290678428300803,17,28
"828",2.50205278396606,1.88508552578559,2.03173226971521,1.15065457971241,18,28
"829",1.3117470741272,0.693635713056201,1.1788369919952,0.296137466618931,19,28
"830",1.76602518558502,-0.941347134932889,0.796764817397224,1.70245193423603,20,28
"831",1.15447616577148,1.24300179699955,0.301760390489981,1.1333653907047,21,28
"832",0.706325769424438,-0.555226536966136,-0.336286283325411,1.36316940403713,22,28
"833",0.4309161901474,2.07866458999023,0.428668318476164,0.789141685396459,23,28
"834",0.412747502326965,0.260276062400468,-1.60991514124067,0.602382809441531,24,28
"835",0.420661449432373,0.293849924468468,-0.849599488746338,0.520000162118336,25,28
"836",0.279165208339691,-0.11694622685106,0.330749464580837,0.906009210649481,26,28
"837",0.742976486682892,0.131881776970832,-0.293482936530572,-1.66594819862873,27,28
"838",-0.0435087271034718,0.266671115938977,0.0691924629415707,0.534563924309033,28,28
"839",0.183022439479828,-0.239520187320563,-0.18120125108226,-0.158158435475077,29,28
"840",-0.0287969410419464,-1.43694189915395,-0.131214576683679,0.39338768410281,30,28
"841",0.696987748146057,-1.80500227500976,-0.142381443940313,-0.409909106920499,1,29
"842",0.175068780779839,0.852228794690691,0.208452270278951,-0.524015724483344,2,29
"843",0.0411271974444389,-1.21903033481256,-0.946915395310601,-0.445229423611766,3,29
"844",0.083088181912899,-0.191316427109563,-0.73886346887357,0.549813854751995,4,29
"845",-0.67456316947937,0.393000225875759,-0.582088031414751,-0.717155577968082,5,29
"846",-0.643858969211578,-0.734861945653092,0.177945389204435,0.0136267922208494,6,29
"847",0.630583703517914,0.43381139213737,1.77205484316398,0.419093520285128,7,29
"848",0.317583978176117,0.219186947678026,0.843176192320129,1.22981025284201,8,29
"849",0.733965575695038,-0.254558420798891,0.592536443325934,-0.0442658058444112,9,29
"850",0.635373651981354,0.441505106609431,1.39977238200843,1.1021762930973,10,29
"851",0.926323115825653,1.58406138042794,2.71545391120303,1.33352061895794,11,29
"852",0.547398507595062,1.04759350751462,-0.346162519741626,0.9283996930973,12,29
"853",-0.621037542819977,-1.05336093872677,-1.12926303675165,-0.819493370878305,13,29
"854",-0.264743715524673,0.729090428147295,0.170216517211003,-0.49026811084901,14,29
"855",0.793807625770569,0.596441737064527,0.635161035723662,-0.332167975067301,15,29
"856",1.75115740299225,-0.0832926912320551,1.15000918079604,1.2778080532543,16,29
"857",2.24492835998535,0.0824538954260233,1.62887323521496,2.01938691654576,17,29
"858",1.60301864147186,1.04485326694335,0.819237288860255,-0.321083243637565,18,29
"859",1.60148358345032,1.64824971149647,0.119153032652678,0.183528282323951,19,29
"860",2.09543752670288,0.713831392238112,1.83320745219976,0.372783811815601,20,29
"861",1.20601630210876,0.0140215841882061,1.34166812457549,1.24517521584133,21,29
"862",-0.0401205867528915,-0.0877128658487393,0.405407668193442,-0.819095778038922,22,29
"863",-0.38002997636795,-1.14651601111202,-0.699772722042382,-0.407371267738264,23,29
"864",-0.6678826212883,0.854422617710768,-1.29285282029885,-0.344290633311294,24,29
"865",0.647225081920624,-1.34246372661881,0.58018086453301,-0.219776300847181,25,29
"866",0.750605702400208,0.200836439444205,-0.122972304044176,1.50424831880817,26,29
"867",-0.378458291292191,-0.628795158005344,-0.0721331723697901,-0.250455960476415,27,29
"868",1.11252784729004,-0.418205526621786,-0.907399908911076,0.92345733489271,28,29
"869",1.34223353862762,1.55384619519992,-0.0529003711320948,0.690635822196546,29,29
"870",-0.10478799790144,0.381830251934754,-0.641464387942317,-1.17566122976229,30,29
"871",0.900201380252838,-0.0397091585547224,1.29210250550269,-0.343183732134537,1,30
"872",0.584333956241608,-1.1141265495478,-0.118711827822835,0.361192283201156,2,30
"873",0.580718815326691,0.832944444650053,-0.479583798497676,0.322136606622181,3,30
"874",-0.626465976238251,-0.467970994054614,1.09875000249516,-1.94013821529863,4,30
"875",-0.638632535934448,-0.828861117166545,-2.12514302014709,-0.378820729428465,5,30
"876",-0.233246654272079,0.613533313481587,-0.500703780016292,-0.29709567555362,6,30
"877",0.426063567399979,0.297604801114903,-0.256738966112649,-1.41962373223002,7,30
"878",0.338993430137634,-1.05612055261336,0.900510790878235,2.39312822948885,8,30
"879",0.6680988073349,-1.47847513238582,0.733545385184421,0.71480747195497,9,30
"880",0.67614358663559,0.121066947962112,0.163854370700978,0.544300545986559,10,30
"881",-0.0844119489192963,-0.90714438888928,-1.06901560520223,0.43930210406027,11,30
"882",0.0118829207494855,-0.976392141814164,0.0203093602953928,0.0365013121427478,12,30
"883",0.00658152345567942,-0.573721005462668,1.1873604530361,-0.239046409927979,13,30
"884",-0.131978273391724,-0.615402899460377,0.20478475963406,-1.47890150069489,14,30
"885",1.16626238822937,1.4880492044509,-0.64198265870831,2.3849389691487,15,30
"886",1.7575318813324,0.963869641633742,0.279346697372363,0.683385536709509,16,30
"887",1.41487908363342,0.294569893320057,-0.018783705160788,1.24958142473368,17,30
"888",1.41233193874359,0.897480199387497,0.347684496071942,2.22171487032596,18,30
"889",1.58659756183624,-0.263647570660172,0.268612159503865,0.253830246818479,19,30
"890",1.10054874420166,-1.4642234780601,0.0511909697595471,-0.215771629372342,20,30
"891",-0.101616784930229,1.13769858476001,0.67930483568131,-0.967229527894637,21,30
"892",-0.43402972817421,-0.17562593260694,1.83897405858591,-0.862428250497681,22,30
"893",-0.796327114105225,0.922514561349873,-0.868616734683864,-1.09801932265691,23,30
"894",-0.839993059635162,-0.113083500021948,-0.959587850499027,-0.537727365813093,24,30
"895",-0.726837635040283,-1.43242991053651,-0.860334235068829,-1.13256285688514,25,30
"896",-0.42343732714653,1.05945522972445,-0.802841760728275,-0.352236833414263,26,30
"897",0.032481674104929,0.958266317911098,0.458558384967389,-0.267048449714218,27,30
"898",0.999608099460602,-0.372268699439905,-0.470564840544382,0.628133325150242,28,30
"899",1.40015602111816,0.526269821550957,0.715167856236791,-0.64479536526245,29,30
"900",1.4793336391449,-0.413447927176795,2.56174909199313,0.806024739422141,30,30
